File_Number,First_Name,Last_Name,Gender,ID_Number,Date_of_Birth,Nationality,Diagnosis,Severity,Therapy_Sessions,Relaxation_Exercises,Prescribed_Medication,Case_Summary,Next_Appointment
000001,Rawan,Alqahtani,Female,1921719377,21/12/1994,Egyptian,Panic disorder,Moderate,77.8,81.9,97.3,"Rawan Alqahtani, diagnosed with Panic disorder. Severity: Moderate. Ongoing treatment includes therapy sessions, relaxation exercises, and medication.",2025-10-19
000002,Fahad,Saeed,Male,2095279274,01/06/1984,Yemeni,PTSD,Severe,93.4,68.4,74.0,"Fahad Saeed, diagnosed with PTSD. Severity: Severe. Ongoing treatment includes therapy sessions, relaxation exercises, and medication.",2025-12-01
000003,Hanan,Alzahrani,Female,6965123770,25/03/2001,Yemeni,Panic disorder,Severe,71.1,60.1,93.0,"Hanan Alzahrani, diagnosed with Panic disorder. Severity: Severe. Ongoing treatment includes therapy sessions, relaxation exercises, and medication.",2025-12-23
000004,Amal,Almutairi,Female,6597825880,12/10/1999,Saudi,PTSD,Moderate,94.3,88.4,93.9,"Amal Almutairi, diagnosed with PTSD. Severity: Moderate. Ongoing treatment includes therapy sessions, relaxation exercises, and medication.",2025-10-22
000005,Lama,Alotaibi,Female,7894458015,23/12/1992,Jordanian,Anxiety,Moderate,72.8,97.6,91.9,"Lama Alotaibi, diagnosed with Anxiety. Severity: Moderate. Ongoing treatment includes therapy sessions, relaxation exercises, and medication.",2025-12-01
000006,Sara,Alharbi,Female,7960940802,03/01/1986,Syrian,Anxiety,Moderate,89.5,97.1,76.6,"Sara Alharbi, diagnosed with Anxiety. Severity: Moderate. Ongoing treatment includes therapy sessions, relaxation exercises, and medication.",2025-11-13
000007,Yousef,Alharbi,Male,5756183473,14/11/1983,Syrian,Panic disorder,Mild,85.0,70.9,81.1,"Yousef Alharbi, diagnosed with Panic disorder. Severity: Mild. Ongoing treatment includes therapy sessions, relaxation exercises, and medication.",2025-11-18
000008,Fahad,Alqahtani,Male,8567141435,23/07/1991,Syrian,Depression,Mild,86.3,72.0,74.8,"Fahad Alqahtani, diagnosed with Depression. Severity: Mild. Ongoing treatment includes therapy sessions, relaxation exercises, and medication.",2025-12-28
000009,Hanan,Ahmed,Female,5029863577,06/03/1989,Yemeni,Depression,Moderate,81.8,99.7,67.5,"Hanan Ahmed, diagnosed with Depression. Severity: Moderate. Ongoing treatment includes therapy sessions, relaxation exercises, and medication.",2025-10-17
000010,Sara,Alotaibi,Female,7352614995,07/03/1982,Jordanian,Depression,Severe,78.0,70.7,97.2,"Sara Alotaibi, diagnosed with Depression. Severity: Severe. Ongoing treatment includes therapy sessions, relaxation exercises, and medication.",2025-10-28
000011,Khalid,Alqahtani,Male,6671051242,18/09/1992,Jordanian,Depression,Severe,81.8,65.7,98.5,"Khalid Alqahtani, diagnosed with Depression. Severity: Severe. Ongoing treatment includes therapy sessions, relaxation exercises, and medication.",2025-11-22
000012,Fahad,Saeed,Male,6782847240,15/07/2002,Yemeni,Panic disorder,Mild,66.6,62.2,87.0,"Fahad Saeed, diagnosed with Panic disorder. Severity: Mild. Ongoing treatment includes therapy sessions, relaxation exercises, and medication.",2025-10-12
000013,Sara,Alharbi,Female,7399262604,09/02/1983,Jordanian,Depression,Moderate,61.3,69.1,65.9,"Sara Alharbi, diagnosed with Depression. Severity: Moderate. Ongoing treatment includes therapy sessions, relaxation exercises, and medication.",2025-12-05
000014,Omar,Saeed,Male,1980899567,14/10/2003,Jordanian,Panic disorder,Mild,67.7,86.8,73.9,"Omar Saeed, diagnosed with Panic disorder. Severity: Mild. Ongoing treatment includes therapy sessions, relaxation exercises, and medication.",2025-12-04
000015,Reem,Alotaibi,Female,2167380430,12/10/1994,Egyptian,PTSD,Severe,64.0,60.3,94.1,"Reem Alotaibi, diagnosed with PTSD. Severity: Severe. Ongoing treatment includes therapy sessions, relaxation exercises, and medication.",2025-12-10
000016,Omar,Alzahrani,Male,1596199058,21/02/1993,Saudi,PTSD,Severe,69.7,64.2,79.6,"Omar Alzahrani, diagnosed with PTSD. Severity: Severe. Ongoing treatment includes therapy sessions, relaxation exercises, and medication.",2025-10-12
000017,Yousef,Alqahtani,Male,5440222204,24/07/1982,Yemeni,PTSD,Moderate,61.8,94.0,82.3,"Yousef Alqahtani, diagnosed with PTSD. Severity: Moderate. Ongoing treatment includes therapy sessions, relaxation exercises, and medication.",2025-11-29
000018,Reem,Alotaibi,Female,0666114445,02/01/1984,Syrian,Anxiety,Moderate,98.6,82.0,93.6,"Reem Alotaibi, diagnosed with Anxiety. Severity: Moderate. Ongoing treatment includes therapy sessions, relaxation exercises, and medication.",2025-12-06
000019,Lama,Alzahrani,Female,8226302285,03/02/1989,Saudi,Depression,Severe,99.6,77.6,84.1,"Lama Alzahrani, diagnosed with Depression. Severity: Severe. Ongoing treatment includes therapy sessions, relaxation exercises, and medication.",2025-11-02
000020,Amal,Ahmed,Female,9910029134,08/04/1983,Syrian,Depression,Severe,78.3,85.3,87.6,"Amal Ahmed, diagnosed with Depression. Severity: Severe. Ongoing treatment includes therapy sessions, relaxation exercises, and medication.",2025-12-01
000021,Huda,Alshehri,Female,5577138130,08/01/1983,Syrian,Anxiety,Mild,70.4,81.4,62.5,"Huda Alshehri, diagnosed with Anxiety. Severity: Mild. Ongoing treatment includes therapy sessions, relaxation exercises, and medication.",2025-12-20
000022,Lama,Saeed,Female,7992310633,04/03/1984,Jordanian,PTSD,Mild,95.0,73.5,85.2,"Lama Saeed, diagnosed with PTSD. Severity: Mild. Ongoing treatment includes therapy sessions, relaxation exercises, and medication.",2025-12-30
000023,Fahad,Alshehri,Male,6489155202,09/10/1994,Jordanian,Depression,Mild,88.5,90.4,63.3,"Fahad Alshehri, diagnosed with Depression. Severity: Mild. Ongoing treatment includes therapy sessions, relaxation exercises, and medication.",2025-10-20
000024,Fahad,Almutairi,Male,6380723515,24/01/1991,Yemeni,PTSD,Moderate,97.8,64.5,75.5,"Fahad Almutairi, diagnosed with PTSD. Severity: Moderate. Ongoing treatment includes therapy sessions, relaxation exercises, and medication.",2025-10-12
000025,Lama,Alotaibi,Female,3146720101,04/06/1993,Yemeni,Depression,Moderate,80.5,89.8,75.7,"Lama Alotaibi, diagnosed with Depression. Severity: Moderate. Ongoing treatment includes therapy sessions, relaxation exercises, and medication.",2025-12-17
000026,Noura,Ahmed,Female,2034488405,17/07/1992,Jordanian,Panic disorder,Mild,83.8,63.1,82.8,"Noura Ahmed, diagnosed with Panic disorder. Severity: Mild. Ongoing treatment includes therapy sessions, relaxation exercises, and medication.",2025-12-13
000027,Hanan,Alzahrani,Female,2649758273,12/07/2003,Saudi,Panic disorder,Moderate,73.3,94.9,63.0,"Hanan Alzahrani, diagnosed with Panic disorder. Severity: Moderate. Ongoing treatment includes therapy sessions, relaxation exercises, and medication.",2025-11-12
000028,Yousef,Saeed,Male,6519005921,07/04/2001,Yemeni,Panic disorder,Severe,94.3,60.5,64.7,"Yousef Saeed, diagnosed with Panic disorder. Severity: Severe. Ongoing treatment includes therapy sessions, relaxation exercises, and medication.",2025-10-31
000029,Rawan,Alqahtani,Female,0193947221,03/08/1982,Jordanian,Panic disorder,Moderate,89.2,78.6,78.6,"Rawan Alqahtani, diagnosed with Panic disorder. Severity: Moderate. Ongoing treatment includes therapy sessions, relaxation exercises, and medication.",2025-12-30
000030,Omar,Alqahtani,Male,3970194798,13/04/1991,Syrian,Panic disorder,Severe,62.4,83.6,81.9,"Omar Alqahtani, diagnosed with Panic disorder. Severity: Severe. Ongoing treatment includes therapy sessions, relaxation exercises, and medication.",2025-10-16
000031,Noura,Alshehri,Female,7131190657,28/02/1980,Saudi,PTSD,Severe,85.4,88.6,87.5,"Noura Alshehri, diagnosed with PTSD. Severity: Severe. Ongoing treatment includes therapy sessions, relaxation exercises, and medication.",2025-11-14
000032,Khalid,Ahmed,Male,5144727490,24/09/1985,Yemeni,Anxiety,Mild,63.2,81.0,87.6,"Khalid Ahmed, diagnosed with Anxiety. Severity: Mild. Ongoing treatment includes therapy sessions, relaxation exercises, and medication.",2025-11-02
000033,Fahad,Alqahtani,Male,7846435970,16/07/1995,Yemeni,Panic disorder,Mild,62.6,83.7,67.6,"Fahad Alqahtani, diagnosed with Panic disorder. Severity: Mild. Ongoing treatment includes therapy sessions, relaxation exercises, and medication.",2025-12-12
000034,Sara,Alshehri,Female,6587682328,09/09/1992,Egyptian,Depression,Moderate,96.7,94.8,76.6,"Sara Alshehri, diagnosed with Depression. Severity: Moderate. Ongoing treatment includes therapy sessions, relaxation exercises, and medication.",2025-12-07
000035,Rawan,Saeed,Female,4537896106,03/04/1995,Yemeni,Panic disorder,Moderate,93.3,79.7,81.2,"Rawan Saeed, diagnosed with Panic disorder. Severity: Moderate. Ongoing treatment includes therapy sessions, relaxation exercises, and medication.",2025-10-13
000036,Khalid,Ahmed,Male,7066541133,15/12/1981,Saudi,Anxiety,Severe,91.0,93.5,98.5,"Khalid Ahmed, diagnosed with Anxiety. Severity: Severe. Ongoing treatment includes therapy sessions, relaxation exercises, and medication.",2025-11-02
000037,Rawan,Alharbi,Female,9131149148,09/09/2000,Syrian,Panic disorder,Severe,74.3,84.9,88.9,"Rawan Alharbi, diagnosed with Panic disorder. Severity: Severe. Ongoing treatment includes therapy sessions, relaxation exercises, and medication.",2025-12-13
000038,Noura,Alqahtani,Female,2101369257,07/10/1993,Yemeni,Panic disorder,Mild,86.3,74.1,87.8,"Noura Alqahtani, diagnosed with Panic disorder. Severity: Mild. Ongoing treatment includes therapy sessions, relaxation exercises, and medication.",2025-11-20
000039,Reem,Alshehri,Female,4393929898,25/05/1992,Saudi,Depression,Moderate,73.1,74.8,66.6,"Reem Alshehri, diagnosed with Depression. Severity: Moderate. Ongoing treatment includes therapy sessions, relaxation exercises, and medication.",2025-10-21
000040,Sara,Alotaibi,Female,0306754698,04/11/2001,Syrian,Panic disorder,Mild,62.0,77.6,94.6,"Sara Alotaibi, diagnosed with Panic disorder. Severity: Mild. Ongoing treatment includes therapy sessions, relaxation exercises, and medication.",2025-10-24
000041,Noura,Almutairi,Female,8953302331,10/07/2001,Yemeni,Depression,Severe,61.1,83.5,66.7,"Noura Almutairi, diagnosed with Depression. Severity: Severe. Ongoing treatment includes therapy sessions, relaxation exercises, and medication.",2025-12-24
000042,Yousef,Alshehri,Male,0967246850,26/03/1980,Egyptian,Depression,Moderate,86.0,65.0,66.1,"Yousef Alshehri, diagnosed with Depression. Severity: Moderate. Ongoing treatment includes therapy sessions, relaxation exercises, and medication.",2026-01-03
000043,Yousef,Alshehri,Male,9673021609,08/06/2000,Syrian,Panic disorder,Moderate,63.8,83.0,60.2,"Yousef Alshehri, diagnosed with Panic disorder. Severity: Moderate. Ongoing treatment includes therapy sessions, relaxation exercises, and medication.",2025-12-17
000044,Sara,Alotaibi,Female,9175035571,01/05/1980,Egyptian,Anxiety,Severe,84.0,97.1,68.1,"Sara Alotaibi, diagnosed with Anxiety. Severity: Severe. Ongoing treatment includes therapy sessions, relaxation exercises, and medication.",2025-10-29
000045,Hanan,Saeed,Female,1913930667,13/01/2001,Egyptian,Depression,Moderate,74.6,95.4,72.0,"Hanan Saeed, diagnosed with Depression. Severity: Moderate. Ongoing treatment includes therapy sessions, relaxation exercises, and medication.",2025-12-15
000046,Reem,Almutairi,Female,3472455117,25/10/1980,Saudi,Panic disorder,Moderate,99.0,83.1,61.2,"Reem Almutairi, diagnosed with Panic disorder. Severity: Moderate. Ongoing treatment includes therapy sessions, relaxation exercises, and medication.",2025-11-01
000047,Noura,Alotaibi,Female,0718860570,07/12/1985,Saudi,Anxiety,Severe,84.3,83.2,66.0,"Noura Alotaibi, diagnosed with Anxiety. Severity: Severe. Ongoing treatment includes therapy sessions, relaxation exercises, and medication.",2025-12-25
000048,Noura,Alotaibi,Female,6885163392,24/06/1990,Egyptian,Depression,Severe,95.4,66.4,80.5,"Noura Alotaibi, diagnosed with Depression. Severity: Severe. Ongoing treatment includes therapy sessions, relaxation exercises, and medication.",2025-12-19
000049,Omar,Alzahrani,Male,6307894298,14/10/1990,Jordanian,PTSD,Mild,92.3,63.6,86.1,"Omar Alzahrani, diagnosed with PTSD. Severity: Mild. Ongoing treatment includes therapy sessions, relaxation exercises, and medication.",2025-12-16
000050,Omar,Alqahtani,Male,1572094679,13/04/1994,Yemeni,PTSD,Severe,75.1,97.0,65.2,"Omar Alqahtani, diagnosed with PTSD. Severity: Severe. Ongoing treatment includes therapy sessions, relaxation exercises, and medication.",2025-12-30
000051,Lama,Alshehri,Female,1996624503,14/01/1999,Egyptian,PTSD,Severe,61.4,60.7,74.4,"Lama Alshehri, diagnosed with PTSD. Severity: Severe. Ongoing treatment includes therapy sessions, relaxation exercises, and medication.",2025-10-20
000052,Amal,Alqahtani,Female,6918986184,26/04/1993,Jordanian,Anxiety,Severe,67.0,60.5,85.3,"Amal Alqahtani, diagnosed with Anxiety. Severity: Severe. Ongoing treatment includes therapy sessions, relaxation exercises, and medication.",2025-11-05
000053,Omar,Alotaibi,Male,9330614822,28/11/1998,Yemeni,Panic disorder,Mild,94.1,79.0,68.5,"Omar Alotaibi, diagnosed with Panic disorder. Severity: Mild. Ongoing treatment includes therapy sessions, relaxation exercises, and medication.",2025-11-21
000054,Rawan,Ahmed,Female,3338438536,02/07/1987,Egyptian,Panic disorder,Moderate,97.1,73.9,77.4,"Rawan Ahmed, diagnosed with Panic disorder. Severity: Moderate. Ongoing treatment includes therapy sessions, relaxation exercises, and medication.",2025-11-02
000055,Amal,Alotaibi,Female,2160174487,08/05/1987,Saudi,Depression,Moderate,81.1,97.0,67.1,"Amal Alotaibi, diagnosed with Depression. Severity: Moderate. Ongoing treatment includes therapy sessions, relaxation exercises, and medication.",2025-11-29
000056,Noura,Saeed,Female,2396869877,07/10/1985,Jordanian,Anxiety,Mild,88.5,93.9,85.9,"Noura Saeed, diagnosed with Anxiety. Severity: Mild. Ongoing treatment includes therapy sessions, relaxation exercises, and medication.",2025-10-14
000057,Reem,Ahmed,Female,4901074051,25/07/1987,Saudi,PTSD,Mild,86.8,75.6,60.6,"Reem Ahmed, diagnosed with PTSD. Severity: Mild. Ongoing treatment includes therapy sessions, relaxation exercises, and medication.",2025-11-14
000058,Khalid,Alshehri,Male,4380064036,20/05/1997,Jordanian,Depression,Moderate,93.4,79.4,77.3,"Khalid Alshehri, diagnosed with Depression. Severity: Moderate. Ongoing treatment includes therapy sessions, relaxation exercises, and medication.",2025-10-26
000059,Sara,Alshehri,Female,7569492068,12/09/1998,Syrian,Anxiety,Moderate,72.3,99.9,61.6,"Sara Alshehri, diagnosed with Anxiety. Severity: Moderate. Ongoing treatment includes therapy sessions, relaxation exercises, and medication.",2025-11-08
000060,Omar,Alshehri,Male,6719602387,25/03/1983,Egyptian,Panic disorder,Mild,64.5,65.1,79.4,"Omar Alshehri, diagnosed with Panic disorder. Severity: Mild. Ongoing treatment includes therapy sessions, relaxation exercises, and medication.",2025-11-24
